period,g,cpi,u,i,oil,usdgbp,p,he
1955Q2,0.1,,,,,,,
1955Q3,1.7,,,,,,,
1955Q4,-0.6,,,,,,,
1956Q1,1.2,,,,,,,
1956Q2,-0.1,,,,,,,
1956Q3,-0.1,,,,,,,
1956Q4,0.6,,,,,,,
1957Q1,1.8,,,,,,,
1957Q2,0.0,,,,,,,
1957Q3,-0.6,,,,,,,
1957Q4,0.3,,,,,,,
1958Q1,2.1,,,,,,,
1958Q2,-2.5,,,,,,,
1958Q3,2.2,,,,,,,
1958Q4,0.3,,,,,,,
1959Q1,0.6,,,,,,,
1959Q2,1.6,,,,,,,
1959Q3,2.1,,,,,,,
1959Q4,2.5,,,,,,,
1960Q1,2.5,,,,,,,
1960Q2,-0.7,,,,,,,
1960Q3,1.5,,,,,,,
1960Q4,0.5,,,,,,,
1961Q1,1.7,,,,,,,
1961Q2,0.4,,,,,,,
1961Q3,-0.5,,,,,,,
1961Q4,-0.2,,,,,,,
1962Q1,0.5,,,,,,,
1962Q2,0.9,,,,,,,
1962Q3,0.6,,,,,,,
1962Q4,-0.4,,,,,,,
1963Q1,0.5,,,,,,,
1963Q2,4.3,,,,,,,
1963Q3,0.4,,,,,,,
1963Q4,2.3,,,,,,,
1964Q1,0.7,,,,,,,
1964Q2,1.9,,,,,,,
1964Q3,0.3,,,,,,,
1964Q4,1.6,,,,,,,
1965Q1,-0.3,,,,,,,
1965Q2,0.1,,,,,,,
1965Q3,0.8,,,,,,,
1965Q4,0.6,,,,,,,
1966Q1,0.2,,,,,,,
1966Q2,0.6,,,,,,,
1966Q3,0.3,,,,,,,
1966Q4,-0.4,,,,,,,
1967Q1,1.3,,,,,,,
1967Q2,1.4,,,,,,,
1967Q3,0.4,,,,,,,
1967Q4,0.5,,,,,,,
1968Q1,3.7,,,,,,,
1968Q2,-0.4,,,,,,,
1968Q3,1.9,,,,,,,
1968Q4,0.3,,,,,,,
1969Q1,-0.2,,,,,,,
1969Q2,0.7,,,,,,,
1969Q3,0.6,,,,,,,
1969Q4,0.5,,,,,,,
1970Q1,-0.6,,,,,,,
1970Q2,2.4,,,,,,,
1970Q3,1.0,,,,,,,
1970Q4,0.9,,,,,,,
1971Q1,-0.5,,3.8,,,,,
1971Q2,1.8,,4.1,,,,,
1971Q3,1.7,,4.2,,,,,
1971Q4,0.4,,4.4,,,,,
1972Q1,0.2,,4.5,,,,,
1972Q2,2.6,,4.4,,,,,
1972Q3,0.3,,4.3,,,,,
1972Q4,1.6,,4.2,,,,,
1973Q1,4.9,,3.9,,,,,
1973Q2,0.2,,3.7,,,,,
1973Q3,-0.9,,3.6,,,,,
1973Q4,-0.4,,3.4,,,,,
1974Q1,-2.8,,3.6,,,,,
1974Q2,1.4,,3.6,,,,,
1974Q3,0.6,,3.7,,,,,
1974Q4,-1.5,,3.7,,,,,
1975Q1,0.0,,4.0,10.2632,,2.4027,,
1975Q2,-1.6,,4.3,9.9609,,2.1844,,
1975Q3,-0.3,,4.7,10.7077,,2.0429,,
1975Q4,1.1,,5.0,11.7383,,2.0231,,
1976Q1,1.7,,5.3,9.8164,,1.915,,
1976Q2,-0.1,,5.4,10.5726,,1.7841,,
1976Q3,1.2,,5.5,11.8231,,1.6681,,
1976Q4,2.1,,5.5,14.7227,,1.7021,,
1977Q1,0.1,,5.5,12.2302,,1.7201,,
1977Q2,-0.7,,5.5,8.3893,,1.7202,,
1977Q3,0.6,,5.7,7.2462,,1.7475,,
1977Q4,1.7,,5.7,5.8492,,1.9185,,
1978Q1,0.9,,5.6,6.5323,,1.8625,,
1978Q2,1.1,,5.6,8.5675,,1.8605,,
1978Q3,1.4,,5.5,10.0,,1.9739,,
1978Q4,0.9,,5.4,11.3889,,2.041,,
1979Q1,-0.3,,5.4,13.0234,,2.0665,,
1979Q2,4.4,,5.3,12.4754,,2.1715,,
1979Q3,-2.2,,5.4,14.0,,2.202,,
1979Q4,1.0,,5.5,15.4531,,2.225,,
1980Q1,-1.0,,5.8,17.0,,2.164,,
1980Q2,-2.0,,6.3,17.0,,2.357,,
1980Q3,-0.1,,7.1,16.0308,,2.3883,,
1980Q4,-1.0,,8.0,15.2188,,2.392,,
1981Q1,-0.1,,8.9,13.5238,,2.242,,
1981Q2,0.3,,9.6,12.0,,1.9384,,
1981Q3,1.2,,9.9,12.5254,,1.8105,,
1981Q4,0.1,,10.2,14.6113,,1.911,,
1982Q1,0.2,,10.4,13.7758,,1.7833,,
1982Q2,1.0,,10.6,13.002,,1.743,,
1982Q3,0.2,,10.8,11.3538,,1.6947,,
1982Q4,0.7,,11.1,9.6758,,1.6175,,
1983Q1,2.0,,11.3,10.8145,,1.4816,,
1983Q2,0.7,,11.4,10.0051,,1.5346,,
1983Q3,1.2,,11.5,9.5606,,1.495,,
1983Q4,0.8,,11.7,9.0625,,1.452,,
1984Q1,0.9,,11.8,8.9414,,1.4415,,
1984Q2,-1.0,,11.9,8.8545,,1.3563,,
1984Q3,0.7,,11.7,10.9023,,1.2387,,
1984Q4,1.8,,11.6,9.9844,,1.158,,
1985Q1,1.0,,11.5,12.9226,,1.23,,
1985Q2,2.1,,11.4,12.4734,,1.312,,
1985Q3,0.0,,11.3,11.5827,,1.407,,
1985Q4,0.1,,11.3,11.375,,1.4455,,
1986Q1,1.0,,11.3,12.1127,,1.478,,
1986Q2,0.9,,11.3,10.3353,,1.5335,,
1986Q3,0.6,,11.4,9.875,,1.4477,,
1986Q4,1.9,,11.3,10.7188,,1.4837,,
1987Q1,0.7,,11.1,10.6607,,1.6042,,
1987Q2,1.5,,10.7,9.2111,18.78310344827586,1.6125,,
1987Q3,2.5,,10.2,9.475,19.063030303030303,1.629,,
1987Q4,1.2,,9.7,9.0391,17.904062499999995,1.887,,
1988Q1,1.6,,9.2,8.6328,15.63901639344262,1.8845,48.6,
1988Q2,0.5,,8.7,7.9652,16.12984126984127,1.7055,49.5,
1988Q3,1.2,,8.4,10.9058,14.305692307692308,1.686,49.9,
1988Q4,0.8,,8.0,12.256,13.52777777777778,1.808,50.5,
1989Q1,0.5,5.0,7.6,12.875,17.593333333333337,1.6855,51.0,100.0
1989Q2,0.6,5.3,7.2,13.2361,18.76129032258064,1.5502,52.1,100.0
1989Q3,0.2,5.1,7.1,13.7607,17.367384615384616,1.619,52.5,100.0
1989Q4,0.0,5.5,7.0,14.8036,19.125555555555557,1.6125,53.3,100.0
1990Q1,0.5,5.8,6.9,14.875,19.774516129032254,1.6455,53.9,105.80000000000001
1990Q2,0.7,6.7,6.9,14.875,16.009354838709676,1.744,55.6,107.2
1990Q3,-1.1,7.5,7.1,14.875,26.162307692307696,1.8705,56.4,108.89999999999999
1990Q4,-0.5,7.8,7.5,13.9531,32.638,1.9295,57.5,110.4
1991Q1,-0.5,7.0,8.0,13.3992,20.819838709677416,1.7385,57.7,116.27420000000001
1991Q2,-0.1,8.3,8.7,11.7379,18.8659375,1.6215,60.3,116.2048
1991Q3,-0.2,7.8,9.2,10.7981,19.878095238095234,1.7505,60.8,117.50309999999999
1991Q4,0.1,7.0,9.5,10.375,20.61868852459017,1.8678,61.5,116.9136
1992Q1,0.0,7.0,9.7,10.375,17.94225806451613,1.735,61.7,122.669281
1992Q2,-0.2,4.3,9.8,10.0471,20.078245614035083,1.903,62.8,120.6205824
1992Q3,0.5,3.2,9.9,9.7673,20.07920634920635,1.777,62.7,117.85560929999998
1992Q4,0.8,2.7,10.4,7.5313,19.19857142857142,1.515,63.1,116.4459456
1993Q1,0.5,2.4,10.6,6.129,18.24688524590164,1.5062,63.2,122.055934595
1993Q2,0.4,2.5,10.4,5.875,18.250333333333334,1.5005,64.4,118.811273664
1993Q3,0.9,2.9,10.2,5.875,16.453076923076917,1.4982,64.5,115.49849711399999
1993Q4,0.7,2.4,10.3,5.6641,15.19309523809524,1.478,64.7,114.699256416
1994Q1,1.0,2.5,9.9,5.2242,13.974249999999994,1.4845,64.7,119.85892777228999
1994Q2,0.9,2.0,9.7,5.125,16.0736,1.5432,65.7,125.93995008384
1994Q3,1.0,1.7,9.4,5.2404,16.789210526315788,1.5772,65.6,123.352394917752
1994Q4,0.4,1.8,9.0,5.752,16.701428571428572,1.5645,65.8,122.040008826624
1995Q1,0.5,2.5,8.9,6.4531,17.129230769230773,1.628,66.3,128.84834735521173
1995Q2,0.2,2.4,8.7,6.625,18.22137931034483,1.5908,67.3,126.44370988417536
1995Q3,1.1,2.7,8.6,6.625,16.22692307692308,1.5825,67.4,123.72245210250523
1995Q4,0.3,2.9,8.3,6.5813,16.91,1.5505,67.7,122.77224887958374
1996Q1,0.7,2.6,8.2,6.125,18.70595238095238,1.5262,68.1,129.621437439343
1996Q2,0.3,2.4,8.3,5.8678,19.691111111111116,1.5537,68.9,127.07592843359623
1996Q3,0.9,2.2,8.1,5.6875,21.03173913043478,1.564,68.9,124.46478681512026
1996Q4,1.3,2.5,7.8,5.8555,23.610000000000003,1.712,69.4,122.64947663070416
1997Q1,1.6,1.9,7.3,5.9375,21.209259259259262,1.6303,69.4,128.19560162751023
1997Q2,1.1,1.6,7.2,6.1984,18.132708333333337,1.6636,70.0,124.7885617217915
1997Q3,0.9,1.9,6.8,6.8692,18.39913043478261,1.6153,70.3,120.10851927659105
1997Q4,1.5,1.8,6.5,7.1484,18.88236842105264,1.6453,70.6,116.39435332253824
1998Q1,0.7,1.6,6.4,7.25,14.11418181818181,1.6745,70.5,121.40123474125218
1998Q2,0.6,1.8,6.3,7.3279,13.006176470588237,1.6673,71.3,118.42434507398012
1998Q3,0.2,1.4,6.2,7.5,12.530392156862744,1.6997,71.2,114.94385294769764
1998Q4,0.7,1.4,6.1,6.8555,11.201428571428572,1.664,71.6,114.18286060941001
1999Q1,0.7,1.6,6.2,5.6944,11.372272727272728,1.6137,71.6,120.30862362858092
1999Q2,0.4,1.4,6.0,5.2008,15.577499999999995,1.5768,72.3,117.59537465846226
1999Q3,1.7,1.2,5.9,5.0654,20.914390243902435,1.6466,72.1,115.40362835948842
1999Q4,1.6,1.1,5.8,5.4048,24.12770833333333,1.6121,72.5,115.0963234942853
2000Q1,1.3,0.8,5.8,5.8672,27.06315789473684,1.5952,72.1,121.63201848849529
2000Q2,0.7,0.6,5.5,6.0,26.94204081632653,1.5141,72.7,117.00739778516996
2000Q3,0.6,0.8,5.3,6.0,30.885199999999998,1.4783,72.7,114.94201384605047
2000Q4,0.6,1.0,5.2,6.0,30.497826086956508,1.495,73.2,115.32651614127387
2001Q1,0.8,0.9,5.1,5.8555,25.703170731707328,1.4217,72.8,119.92917022965635
2001Q2,0.4,1.5,5.0,5.3648,27.318166666666677,1.4066,73.8,119.34754574087336
2001Q3,0.5,1.5,5.1,5.0547,24.82750000000001,1.4699,73.8,117.01097009527938
2001Q4,0.3,1.0,5.2,4.2305,19.33511111111111,1.4556,73.9,114.98053659285004
2002Q1,0.3,1.5,5.2,4.0,21.416938775510204,1.4241,73.9,123.16725782585706
2002Q2,0.5,0.9,5.2,4.0,25.266199999999998,1.5258,74.5,121.3764540184682
2002Q3,0.6,1.0,5.3,4.0,26.83843137254901,1.5726,74.6,118.88314561680384
2002Q4,0.7,1.5,5.1,4.0,27.189999999999998,1.6095,75.0,118.19999161744985
2003Q1,0.8,1.5,5.2,3.8492,31.43258620689656,1.5805,75.0,125.50743572454833
2003Q2,0.9,1.3,4.9,3.75,26.24039215686276,1.6502,75.5,122.59021855865288
2003Q3,1.0,1.4,5.0,3.5269,28.55634615384616,1.6614,75.6,121.02304223790631
2003Q4,0.8,1.3,4.9,3.6484,29.431454545454542,1.7905,76.0,121.03679141626866
2004Q1,0.3,1.3,4.8,3.9063,32.26708333333334,1.8379,75.9,129.52367366773387
2004Q2,0.5,1.4,4.8,4.2213,35.45035087719298,1.8137,76.5,130.68117298352396
2004Q3,0.4,1.3,4.7,4.6538,41.39983333333335,1.8094,76.6,129.37363215232185
2004Q4,0.5,1.4,4.7,4.75,44.087076923076914,1.9199,77.1,133.9877280978094
2005Q1,0.8,1.7,4.7,4.75,47.092244897959176,1.8904,77.3,147.1388932865457
2005Q2,0.8,2.0,4.8,4.75,51.77156862745099,1.7925,78.0,146.62427608751386
2005Q3,0.9,2.4,4.7,4.5923,61.61777777777776,1.7688,78.4,145.54533617136207
2005Q4,1.0,2.1,5.1,4.5,56.85344262295082,1.7166,78.8,152.8799977596005
2006Q1,0.4,1.9,5.2,4.5,61.525869565217405,1.7345,78.7,167.59119945337557
2006Q2,0.3,2.3,5.5,4.5,69.58509090909094,1.8494,79.8,183.13372083330484
2006Q3,0.2,2.4,5.5,4.6602,69.73215384615388,1.8682,80.3,188.48121034191388
2006Q4,0.4,2.7,5.5,4.8889,59.54761904761903,1.957,80.9,198.74399708748066
2007Q1,1.1,2.9,5.5,5.2227,57.79338983050847,1.9613,81.0,213.67877930305383
2007Q2,0.9,2.6,5.4,5.3975,68.59451612903227,2.0064,81.8,201.99649407913523
2007Q3,0.9,1.8,5.3,5.7383,74.75111111111109,2.0374,81.7,189.42361639362343
2007Q4,0.8,2.1,5.2,5.6875,88.28777777777776,1.9909,82.6,187.61433325058175
2008Q1,0.4,2.4,5.2,5.3548,96.8554098360656,1.9875,82.9,213.89245808235685
2008Q2,-0.5,3.4,5.4,5.0278,121.204375,1.9901,84.6,224.21610842784014
2008Q3,-1.6,4.8,5.9,5.0,114.685,1.7821,85.7,239.62087473793366
2008Q4,-2.1,3.9,6.4,3.3672,55.02843749999998,1.4376,85.8,259.283008552304
2009Q1,-2.0,3.0,7.1,1.0714,44.52213114754099,1.4331,85.4,268.6489273514402
2009Q2,-0.3,2.1,7.8,0.5,58.877460317460304,1.6468,86.4,250.22517700546962
2009Q3,0.1,1.5,7.8,0.5,68.13796875000001,1.5993,86.9,243.69442960847852
2009Q4,0.3,2.1,7.8,0.5,74.56578124999997,1.6148,87.6,242.17032998785194
2010Q1,0.8,3.3,8.0,0.5,76.41803278688525,1.5167,88.2,254.41053420181385
2010Q2,1.1,3.5,7.9,0.5,78.48920634920633,1.4962,89.3,243.9695475803329
2010Q3,0.6,3.1,7.8,0.5,76.82343750000001,1.5755,89.6,238.33315215709197
2010Q4,0.1,3.4,7.9,0.5,86.54,1.5655,90.5,239.74862668797343
2011Q1,0.2,4.1,7.8,0.5,105.4496774193548,1.603,91.8,263.0604923646755
2011Q2,0.0,4.4,7.9,0.5,117.01245901639346,1.6056,93.3,259.8275681730545
2011Q3,0.2,4.7,8.3,0.5,113.2350793650794,1.5579,93.8,264.0731325900579
2011Q4,0.1,4.6,8.4,0.5,109.4208064516129,1.5461,94.7,285.30086575868836
2012Q1,0.9,3.5,8.2,0.5,118.71064516129034,1.5981,95.1,299.099779818636
2012Q2,-0.1,2.8,8.0,0.5,107.74983333333336,1.5686,95.8,288.92825580843663
2012Q3,1.0,2.4,7.8,0.5,109.62841269841267,1.6149,96.1,282.558251871362
2012Q4,-0.1,2.7,7.8,0.5,110.14781250000004,1.6168,97.3,288.15387441627524
2013Q1,0.3,2.8,7.8,0.5,112.44333333333336,1.5181,97.7,317.3448663875728
2013Q2,0.7,2.7,7.7,0.5,102.56468750000002,1.5167,98.4,311.17573150568626
2013Q3,0.8,2.7,7.6,0.5,110.22859375,1.6194,98.7,304.8803537691996
2013Q4,0.7,2.1,7.2,0.5,109.22640624999998,1.6528,99.3,308.3246456254145
2014Q1,0.8,1.7,6.7,0.5,108.14193548387097,1.6673,99.4,335.750868638052
2014Q2,0.9,1.7,6.3,0.5,109.69406250000002,1.7097,100.1,326.42334234946486
2014Q3,0.8,1.5,6.0,0.5,101.89984375,1.6212,100.1,318.9048500425828
2014Q4,0.7,0.9,5.7,0.5,76.27158730158735,1.5608,100.2,315.1077878291736
2015Q1,0.3,0.1,5.5,0.5,53.97709677419355,1.4847,99.5,327.3570969221007
2015Q2,0.5,0.0,5.6,0.5,61.6511111111111,1.5729,100.1,316.6306420789809
2015Q3,0.4,0.0,5.3,0.5,50.44492307692308,1.5147,100.1,307.1053705910072
2015Q4,0.6,0.1,5.1,0.5,43.55692307692309,1.4819,100.3,302.1883685281775
2016Q1,0.5,0.3,5.1,0.5,33.84274193548387,1.4378,99.8,314.91752723906086
2016Q2,0.7,0.4,4.9,0.5,45.566875,1.3429,100.4,304.5986776799796
2016Q3,0.4,0.7,4.8,0.3423,45.80106060606059,1.2991,100.9,298.506420214459
2016Q4,0.6,1.2,4.7,0.25,49.05222222222222,1.2303,101.5,297.957731368783
2017Q1,1.0,2.1,4.6,0.25,53.59453125,1.2507,102.0,314.6026097118218
2017Q2,0.9,2.7,4.4,0.25,49.55406249999998,1.299,103.2,316.1734274318188
2017Q3,0.7,2.8,4.3,0.25,52.09938461538461,1.3416,103.7,314.0287540656109
2017Q4,0.8,3.0,4.4,0.4087,61.39650793650794,1.351,104.6,316.43111071364757
2018Q1,0.1,2.7,4.2,0.5,66.86349206349209,1.4033,104.7,334.42257412366655
2018Q2,0.2,2.4,4.0,0.5,74.53387096774195,1.3203,105.7,332.61444565827344
2018Q3,0.3,2.5,4.1,0.6602,75.07015384615386,1.3041,106.3,336.01076685020365
2018Q4,0.1,2.3,4.0,0.75,68.76387096774194,1.2769,106.9,343.64418623502127
2019Q1,0.5,1.9,3.8,0.75,63.09730158730159,1.303,106.7,339.4389127355215
2019Q2,0.2,2.0,3.9,0.75,69.03650793650795,1.2728,107.8,364.5454324414677
2019Q3,0.6,1.8,3.9,0.75,61.94575757575756,1.232,108.3,356.1714128612159
2019Q4,0.0,1.4,3.7,0.75,63.26784615384615,1.321,108.5,337.8022350690259
2020Q1,-2.7,1.7,4.1,0.6117,50.27484374999999,1.2403,108.5,354.3742248958845
2020Q2,-19.9,0.6,4.1,0.1,29.69901639344263,1.2359,108.5,339.7563430354479
2020Q3,17.0,0.6,5.0,0.1,42.9123076923077,1.2924,108.9,332.3079281995145
2020Q4,1.4,0.5,5.3,0.1,44.31646153846154,1.3649,109.0,308.4134406180207
2021Q1,-1.1,0.6,4.9,0.1,61.03873015873016,1.3796,109.2,326.3786611291096
2021Q2,7.0,2.1,4.7,0.1,68.98180327868852,1.3819,110.7,348.2502516113341
2021Q3,1.7,2.8,4.4,0.1,73.50907692307692,1.3484,111.9,341.28024226090133
2021Q4,1.4,4.9,4.2,0.1234,79.60906249999998,1.3477,114.4,379.3485319601654
2022Q1,1.0,6.2,3.8,0.4563,100.87234374999998,1.3162,115.9,403.40402515557946
2022Q2,0.6,9.2,3.8,0.9583,113.83524590163933,1.2143,120.9,591.6771774876566
2022Q3,0.1,10.0,3.7,1.6172,100.708125,1.117,123.2,580.5176920857932
2022Q4,0.3,10.7,3.9,2.8056,88.72365079365079,1.2039,126.7,717.7274224686329
2023Q1,0.1,10.2,4.0,3.8555,81.06593749999999,1.2364,127.7,757.9961632673338
2023Q2,0.0,8.4,4.2,4.4583,77.98783333333333,1.2714,131.1,732.4963457297189
2023Q3,-0.2,6.7,4.1,5.1602,86.65140625,1.2207,131.4,609.5435766900829
2023Q4,-0.3,4.2,3.9,5.25,84.01238095238094,1.2747,132.0,562.6982992154082
2024Q1,0.7,3.5,4.3,5.25,82.91968253968255,1.2632,132.3,620.0408615526791
2024Q2,0.6,2.1,4.2,5.25,84.68209677419355,1.2642,133.8,533.989836036965
2024Q3,0.2,2.0,4.3,5.0885,80.00507692307698,1.3413,134.1,485.196687045306
2024Q4,0.4,2.5,4.4,4.8555,74.65609374999998,1.2529,135.2,523.3094182703295
2025Q1,0.6,2.8,4.6,4.5992,75.87460317460317,1.291,136.0,558.0367753974111
2025Q2,0.2,3.5,4.7,4.3484,68.06704918032787,1.3703,138.5,569.7671550514416
2025Q3,0.1,3.8,5.0,4.1038,69.03123076923077,1.3462,139.2,530.3199789405195
2025Q4,0.1,3.4,5.2,3.9688,63.654218749999984,1.3451,139.8,535.8688443088174
2026Q1,0.6,3.1,5.0,3.75,80.7198412698413,1.3188,140.2,575.3359154347309
2026Q2,0.4,2.8,4.9,3.75,102.62590163934424,1.3273,142.3,534.4415914382522
2026Q3,,,,,94.15677966101696,,,
